model,MAE,RMSE,R2,MAPE
Linear Regression,4.048901469101702,5.131350484771829,0.9626904403492077,4.494539055695081
Gradient Boosting,4.158509744985901,5.23642484132467,0.961146825024561,4.67175183788791
Random Forest,4.45268126666667,5.484302747175314,0.9573813580382938,5.0437645839897165
