model,accuracy,precision,recall,f1_score,roc_auc
Isolation Forest,0.9902439024390244,0.9428571428571428,0.9428571428571428,0.9428571428571428,0.9980380952380953
Local Outlier Factor,0.9902439024390244,0.9428571428571428,0.9428571428571428,0.9428571428571428,0.9982285714285715
One-Class SVM,0.9548780487804878,0.7323943661971831,0.7428571428571429,0.7375886524822695,0.9801523809523809
