model,accuracy,f1_score
Random Forest,0.9840425531914894,0.9842934875919541
KNN,0.9468085106382979,0.9382576329158493
